profileID;PRES;TEMP;PSAL
9012;0.0;3.117;33.787
9012;10.0;3.094;33.787
9012;20.0;3.059;33.787
9012;30.0;3.054;33.787
9012;40.0;2.947;33.787
9012;50.0;2.937;33.788
9012;60.0;2.934;33.788
9012;70.0;2.931;33.789
9012;80.0;2.923;33.79
9012;90.0;2.914;33.792
9012;100.0;2.834;33.799
9012;110.0;2.581;33.82
9012;120.0;2.327;33.84
9012;130.0;2.074;33.861
9012;140.0;1.82;33.882
9012;150.0;1.658;33.907
9012;160.0;1.621;33.939
9012;170.0;1.585;33.971
9012;180.0;1.548;34.002
9012;190.0;1.511;34.034
9012;200.0;1.506;34.055
9012;210.0;1.526;34.069
9012;220.0;1.546;34.082
9012;230.0;1.566;34.095
9012;240.0;1.586;34.109
9012;250.0;1.62;34.122
9012;260.0;1.664;34.135
9012;270.0;1.708;34.149
9012;280.0;1.751;34.162
9012;290.0;1.795;34.175
9012;300.0;1.817;34.187
9012;310.0;1.832;34.197
9012;320.0;1.846;34.208
9012;330.0;1.86;34.219
9012;340.0;1.874;34.229
9012;350.0;1.889;34.24
9012;360.0;1.903;34.251
9012;370.0;1.917;34.262
9012;380.0;1.931;34.272
9012;390.0;1.946;34.283
9012;400.0;1.965;34.293
9012;410.0;1.993;34.301
9012;420.0;2.021;34.309
9012;430.0;2.049;34.317
9012;440.0;2.077;34.325
9012;450.0;2.105;34.333
9012;460.0;2.133;34.341
9012;470.0;2.161;34.349
9012;480.0;2.189;34.357
9012;490.0;2.217;34.365
9012;500.0;2.245;34.373
9105;0.0;3.645;33.767
9105;10.0;3.649;33.768
9105;20.0;3.654;33.768
9105;30.0;3.646;33.767
9105;40.0;3.639;33.766
9105;50.0;3.641;33.766
9105;60.0;3.639;33.767
9105;70.0;3.631;33.768
9105;80.0;3.624;33.77
9105;90.0;3.616;33.772
9105;100.0;3.608;33.774
9105;110.0;3.492;33.775
9105;120.0;3.351;33.777
9105;130.0;3.209;33.779
9105;140.0;3.067;33.781
9105;150.0;2.93;33.791
9105;160.0;2.807;33.828
9105;170.0;2.684;33.865
9105;180.0;2.561;33.901
9105;190.0;2.438;33.938
9105;200.0;2.315;33.975
9105;210.0;2.192;34.011
9105;220.0;2.068;34.048
9105;230.0;1.982;34.08
9105;240.0;1.984;34.099
9105;250.0;1.987;34.119
9105;260.0;1.989;34.138
9105;270.0;1.992;34.158
9105;280.0;1.994;34.178
9105;290.0;1.997;34.197
9105;300.0;1.999;34.217
9105;310.0;2.002;34.231
9105;320.0;2.004;34.236
9105;330.0;2.007;34.24
9105;340.0;2.009;34.244
9105;350.0;2.012;34.248
9105;360.0;2.014;34.253
9105;370.0;2.017;34.257
9105;380.0;2.019;34.261
9105;390.0;2.022;34.265
9105;400.0;2.03;34.276
9105;410.0;2.04;34.287
9105;420.0;2.05;34.298
9105;430.0;2.059;34.309
9105;440.0;2.069;34.32
9105;450.0;2.078;34.331
9105;460.0;2.088;34.343
9105;470.0;2.098;34.354
9105;480.0;2.105;34.363
9105;490.0;2.11;34.371
9105;500.0;2.114;34.379
9106;0.0;3.038;33.793
9106;10.0;2.989;33.793
9106;20.0;2.989;33.794
9106;30.0;2.986;33.794
9106;40.0;2.99;33.794
9106;50.0;2.994;33.794
9106;60.0;2.991;33.795
9106;70.0;2.985;33.798
9106;80.0;2.978;33.805
9106;90.0;2.971;33.816
9106;100.0;2.952;33.828
9106;110.0;2.832;33.839
9106;120.0;2.712;33.85
9106;130.0;2.593;33.86
9106;140.0;2.473;33.87
9106;150.0;2.353;33.883
9106;160.0;2.233;33.912
9106;170.0;2.114;33.944
9106;180.0;1.994;33.983
9106;190.0;1.874;34.022
9106;200.0;1.767;34.059
9106;210.0;1.768;34.081
9106;220.0;1.771;34.101
9106;230.0;1.782;34.117
9106;240.0;1.795;34.134
9106;250.0;1.806;34.15
9106;260.0;1.817;34.167
9106;270.0;1.83;34.184
9106;280.0;1.839;34.198
9106;290.0;1.849;34.213
9106;300.0;1.864;34.216
9106;310.0;1.879;34.22
9106;320.0;1.893;34.224
9106;330.0;1.908;34.227
9106;340.0;1.923;34.231
9106;350.0;1.938;34.235
9106;360.0;1.953;34.238
9106;370.0;1.967;34.242
9106;380.0;1.982;34.25
9106;390.0;1.997;34.264
9106;400.0;2.012;34.278
9106;410.0;2.027;34.291
9106;420.0;2.042;34.304
9106;430.0;2.056;34.318
9106;440.0;2.071;34.331
9106;450.0;2.086;34.344
9106;460.0;2.1;34.358
9106;470.0;2.107;34.371
9106;480.0;2.113;34.385
9106;490.0;2.119;34.396
9106;500.0;2.124;34.408
9107;0.0;2.433;33.82
9107;10.0;2.426;33.82
9107;20.0;2.424;33.82
9107;30.0;2.43;33.82
9107;40.0;2.438;33.818
9107;50.0;2.434;33.816
9107;60.0;2.432;33.818
9107;70.0;2.408;33.821
9107;80.0;2.371;33.825
9107;90.0;2.333;33.828
9107;100.0;2.295;33.831
9107;110.0;2.257;33.835
9107;120.0;2.219;33.835
9107;130.0;2.181;33.832
9107;140.0;2.144;33.829
9107;150.0;2.107;33.825
9107;160.0;2.07;33.822
9107;170.0;2.033;33.834
9107;180.0;1.997;33.885
9107;190.0;1.96;33.938
9107;200.0;1.923;33.99
9107;210.0;1.886;34.041
9107;220.0;1.857;34.09
9107;230.0;1.88;34.11
9107;240.0;1.903;34.131
9107;250.0;1.926;34.153
9107;260.0;1.949;34.174
9107;270.0;1.974;34.196
9107;280.0;1.984;34.203
9107;290.0;1.995;34.211
9107;300.0;2.006;34.219
9107;310.0;2.016;34.226
9107;320.0;2.028;34.234
9107;330.0;2.038;34.241
9107;340.0;2.048;34.249
9107;350.0;2.06;34.257
9107;360.0;2.07;34.265
9107;370.0;2.08;34.273
9107;380.0;2.092;34.286
9107;390.0;2.102;34.304
9107;400.0;2.112;34.321
9107;410.0;2.124;34.338
9107;420.0;2.134;34.354
9107;430.0;2.145;34.371
9107;440.0;2.156;34.388
9107;450.0;2.166;34.405
9107;460.0;2.177;34.422
9107;470.0;2.189;34.439
9107;480.0;2.197;34.452
9107;490.0;2.204;34.459
9107;500.0;2.211;34.467
9108;0.0;2.181;33.819
9108;10.0;2.177;33.819
9108;20.0;2.179;33.819
9108;30.0;2.183;33.82
9108;40.0;2.186;33.82
9108;50.0;2.181;33.818
9108;60.0;2.177;33.819
9108;70.0;2.163;33.82
9108;80.0;2.142;33.821
9108;90.0;2.12;33.822
9108;100.0;2.1;33.824
9108;110.0;2.078;33.827
9108;120.0;2.057;33.827
9108;130.0;2.036;33.827
9108;140.0;2.02;33.826
9108;150.0;2.008;33.825
9108;160.0;1.995;33.825
9108;170.0;1.983;33.831
9108;180.0;1.971;33.857
9108;190.0;1.958;33.888
9108;200.0;1.946;33.919
9108;210.0;1.934;33.949
9108;220.0;1.925;33.978
9108;230.0;1.942;33.997
9108;240.0;1.959;34.023
9108;250.0;1.975;34.049
9108;260.0;1.992;34.074
9108;270.0;2.009;34.1
9108;280.0;2.016;34.114
9108;290.0;2.022;34.126
9108;300.0;2.028;34.138
9108;310.0;2.033;34.15
9108;320.0;2.04;34.162
9108;330.0;2.045;34.175
9108;340.0;2.051;34.186
9108;350.0;2.057;34.198
9108;360.0;2.062;34.211
9108;370.0;2.068;34.223
9108;380.0;2.074;34.238
9108;390.0;2.08;34.255
9108;400.0;2.085;34.271
9108;410.0;2.091;34.288
9108;420.0;2.097;34.304
9108;430.0;2.103;34.321
9108;440.0;2.109;34.337
9108;450.0;2.114;34.353
9108;460.0;2.121;34.369
9108;470.0;2.13;34.381
9108;480.0;2.139;34.392
9108;490.0;2.146;34.399
9108;500.0;2.153;34.407
9109;0.0;1.959;33.819
9109;10.0;1.959;33.819
9109;20.0;1.963;33.82
9109;30.0;1.965;33.821
9109;40.0;1.958;33.822
9109;50.0;1.946;33.821
9109;60.0;1.936;33.82
9109;70.0;1.925;33.82
9109;80.0;1.92;33.819
9109;90.0;1.914;33.818
9109;100.0;1.909;33.819
9109;110.0;1.904;33.82
9109;120.0;1.899;33.821
9109;130.0;1.893;33.823
9109;140.0;1.897;33.825
9109;150.0;1.907;33.829
9109;160.0;1.916;33.834
9109;170.0;1.927;33.838
9109;180.0;1.937;33.843
9109;190.0;1.947;33.855
9109;200.0;1.959;33.867
9109;210.0;1.971;33.879
9109;220.0;1.982;33.891
9109;230.0;1.994;33.91
9109;240.0;2.005;33.94
9109;250.0;2.016;33.969
9109;260.0;2.028;33.997
9109;270.0;2.04;34.026
9109;280.0;2.044;34.044
9109;290.0;2.045;34.06
9109;300.0;2.046;34.076
9109;310.0;2.047;34.091
9109;320.0;2.049;34.107
9109;330.0;2.05;34.123
9109;340.0;2.051;34.139
9109;350.0;2.052;34.154
9109;360.0;2.052;34.169
9109;370.0;2.054;34.186
9109;380.0;2.055;34.201
9109;390.0;2.056;34.217
9109;400.0;2.058;34.232
9109;410.0;2.059;34.247
9109;420.0;2.06;34.263
9109;430.0;2.063;34.278
9109;440.0;2.064;34.294
9109;450.0;2.065;34.308
9109;460.0;2.068;34.323
9109;470.0;2.076;34.33
9109;480.0;2.083;34.338
9109;490.0;2.091;34.345
9109;500.0;2.099;34.353
9110;0.0;2.172;33.834
9110;10.0;2.172;33.838
9110;20.0;2.173;33.835
9110;30.0;2.165;33.838
9110;40.0;2.073;33.84
9110;50.0;1.98;33.836
9110;60.0;1.888;33.836
9110;70.0;1.804;33.837
9110;80.0;1.801;33.837
9110;90.0;1.798;33.838
9110;100.0;1.795;33.839
9110;110.0;1.791;33.841
9110;120.0;1.788;33.842
9110;130.0;1.785;33.844
9110;140.0;1.785;33.851
9110;150.0;1.786;33.892
9110;160.0;1.787;33.933
9110;170.0;1.788;33.975
9110;180.0;1.788;34.016
9110;190.0;1.8;34.055
9110;200.0;1.824;34.086
9110;210.0;1.849;34.118
9110;220.0;1.873;34.15
9110;230.0;1.897;34.184
9110;240.0;1.922;34.203
9110;250.0;1.946;34.217
9110;260.0;1.97;34.231
9110;270.0;1.995;34.245
9110;280.0;2.014;34.257
9110;290.0;2.014;34.263
9110;300.0;2.014;34.27
9110;310.0;2.014;34.277
9110;320.0;2.015;34.283
9110;330.0;2.015;34.29
9110;340.0;2.014;34.297
9110;350.0;2.015;34.303
9110;360.0;2.015;34.31
9110;370.0;2.015;34.317
9110;380.0;2.015;34.323
9110;390.0;2.019;34.33
9110;400.0;2.024;34.337
9110;410.0;2.03;34.343
9110;420.0;2.036;34.35
9110;430.0;2.042;34.356
9110;440.0;2.049;34.363
9110;450.0;2.054;34.369
9110;460.0;2.061;34.376
9110;470.0;2.069;34.38
9110;480.0;2.076;34.385
9110;490.0;2.084;34.389
9110;500.0;2.092;34.393
9111;0.0;2.336;33.848
9111;10.0;2.334;33.847
9111;20.0;2.333;33.842
9111;30.0;2.326;33.848
9111;40.0;2.25;33.854
9111;50.0;2.176;33.849
9111;60.0;2.101;33.847
9111;70.0;2.011;33.845
9111;80.0;1.987;33.844
9111;90.0;1.963;33.851
9111;100.0;1.939;33.86
9111;110.0;1.915;33.869
9111;120.0;1.891;33.878
9111;130.0;1.887;33.883
9111;140.0;1.886;33.891
9111;150.0;1.884;33.927
9111;160.0;1.883;33.965
9111;170.0;1.882;34.015
9111;180.0;1.881;34.07
9111;190.0;1.889;34.121
9111;200.0;1.907;34.167
9111;210.0;1.926;34.2
9111;220.0;1.944;34.225
9111;230.0;1.962;34.251
9111;240.0;1.98;34.262
9111;250.0;1.999;34.272
9111;260.0;2.017;34.283
9111;270.0;2.036;34.294
9111;280.0;2.052;34.304
9111;290.0;2.052;34.311
9111;300.0;2.052;34.318
9111;310.0;2.052;34.325
9111;320.0;2.052;34.332
9111;330.0;2.053;34.339
9111;340.0;2.052;34.346
9111;350.0;2.053;34.353
9111;360.0;2.053;34.36
9111;370.0;2.053;34.368
9111;380.0;2.053;34.374
9111;390.0;2.057;34.381
9111;400.0;2.061;34.389
9111;410.0;2.066;34.396
9111;420.0;2.071;34.403
9111;430.0;2.077;34.41
9111;440.0;2.082;34.417
9111;450.0;2.087;34.424
9111;460.0;2.092;34.431
9111;470.0;2.097;34.438
9111;480.0;2.102;34.445
9111;490.0;2.107;34.453
9111;500.0;2.112;34.459
9112;0.0;2.464;33.861
9112;10.0;2.46;33.851
9112;20.0;2.458;33.844
9112;30.0;2.457;33.854
9112;40.0;2.454;33.865
9112;50.0;2.451;33.862
9112;60.0;2.448;33.855
9112;70.0;2.388;33.849
9112;80.0;2.332;33.843
9112;90.0;2.275;33.86
9112;100.0;2.219;33.88
9112;110.0;2.162;33.9
9112;120.0;2.106;33.92
9112;130.0;2.098;33.928
9112;140.0;2.099;33.936
9112;150.0;2.099;33.946
9112;160.0;2.099;33.957
9112;170.0;2.1;34.0
9112;180.0;2.101;34.055
9112;190.0;2.103;34.111
9112;200.0;2.105;34.166
9112;210.0;2.108;34.191
9112;220.0;2.11;34.195
9112;230.0;2.113;34.2
9112;240.0;2.115;34.206
9112;250.0;2.117;34.218
9112;260.0;2.12;34.231
9112;270.0;2.122;34.245
9112;280.0;2.125;34.258
9112;290.0;2.126;34.27
9112;300.0;2.127;34.283
9112;310.0;2.127;34.296
9112;320.0;2.127;34.308
9112;330.0;2.128;34.321
9112;340.0;2.129;34.333
9112;350.0;2.13;34.346
9112;360.0;2.131;34.359
9112;370.0;2.132;34.372
9112;380.0;2.133;34.384
9112;390.0;2.134;34.396
9112;400.0;2.135;34.41
9112;410.0;2.136;34.422
9112;420.0;2.137;34.435
9112;430.0;2.139;34.447
9112;440.0;2.14;34.461
9112;450.0;2.142;34.473
9112;460.0;2.143;34.486
9112;470.0;2.144;34.498
9112;480.0;2.146;34.51
9112;490.0;2.146;34.524
9112;500.0;2.147;34.536
9201;0.0;3.583;33.817
9201;10.0;3.581;33.816
9201;20.0;3.578;33.816
9201;30.0;3.532;33.818
9201;40.0;3.485;33.836
9201;50.0;3.431;33.838
9201;60.0;3.376;33.841
9201;70.0;3.321;33.844
9201;80.0;3.205;33.847
9201;90.0;3.016;33.849
9201;100.0;2.826;33.853
9201;110.0;2.637;33.856
9201;120.0;2.447;33.86
9201;130.0;2.259;33.864
9201;140.0;2.069;33.867
9201;150.0;1.88;33.872
9201;160.0;1.9;33.898
9201;170.0;1.941;33.928
9201;180.0;1.973;33.959
9201;190.0;1.999;33.99
9201;200.0;2.024;34.021
9201;210.0;2.049;34.039
9201;220.0;2.075;34.058
9201;230.0;2.1;34.077
9201;240.0;2.126;34.094
9201;250.0;2.151;34.112
9201;260.0;2.133;34.129
9201;270.0;2.115;34.147
9201;280.0;2.097;34.164
9201;290.0;2.084;34.182
9201;300.0;2.083;34.199
9201;310.0;2.085;34.207
9201;320.0;2.088;34.212
9201;330.0;2.091;34.216
9201;340.0;2.095;34.219
9201;350.0;2.097;34.224
9201;360.0;2.1;34.228
9201;370.0;2.103;34.232
9201;380.0;2.111;34.243
9201;390.0;2.122;34.258
9201;400.0;2.132;34.274
9201;410.0;2.142;34.29
9201;420.0;2.153;34.31
9201;430.0;2.164;34.329
9201;440.0;2.175;34.349
9201;450.0;2.183;34.364
9201;460.0;2.19;34.373
9201;470.0;2.198;34.382
9201;480.0;2.204;34.391
9201;490.0;2.211;34.4
9201;500.0;2.218;34.408
9202;0.0;4.282;33.812
9202;10.0;4.282;33.811
9202;20.0;4.282;33.808
9202;30.0;4.274;33.808
9202;40.0;4.265;33.809
9202;50.0;4.253;33.816
9202;60.0;4.243;33.82
9202;70.0;4.233;33.818
9202;80.0;4.216;33.814
9202;90.0;4.194;33.811
9202;100.0;4.172;33.815
9202;110.0;4.149;33.818
9202;120.0;4.127;33.823
9202;130.0;4.104;33.831
9202;140.0;4.081;33.84
9202;150.0;4.059;33.848
9202;160.0;4.055;33.858
9202;170.0;4.054;33.869
9202;180.0;3.944;33.891
9202;190.0;3.763;33.922
9202;200.0;3.583;33.953
9202;210.0;3.402;33.983
9202;220.0;3.222;34.012
9202;230.0;3.041;34.042
9202;240.0;2.86;34.059
9202;250.0;2.68;34.076
9202;260.0;2.495;34.094
9202;270.0;2.311;34.111
9202;280.0;2.126;34.128
9202;290.0;2.005;34.146
9202;300.0;2.009;34.164
9202;310.0;2.014;34.181
9202;320.0;2.019;34.197
9202;330.0;2.024;34.206
9202;340.0;2.029;34.214
9202;350.0;2.034;34.22
9202;360.0;2.039;34.227
9202;370.0;2.044;34.235
9202;380.0;2.049;34.242
9202;390.0;2.055;34.25
9202;400.0;2.06;34.262
9202;410.0;2.064;34.274
9202;420.0;2.068;34.286
9202;430.0;2.073;34.299
9202;440.0;2.077;34.311
9202;450.0;2.082;34.323
9202;460.0;2.086;34.335
9202;470.0;2.09;34.345
9202;480.0;2.094;34.357
9202;490.0;2.098;34.369
9202;500.0;2.102;34.378
9203;0.0;4.034;33.794
9203;10.0;4.03;33.797
9203;20.0;4.027;33.792
9203;30.0;4.024;33.795
9203;40.0;4.021;33.794
9203;50.0;3.977;33.795
9203;60.0;3.933;33.795
9203;70.0;3.891;33.794
9203;80.0;3.847;33.793
9203;90.0;3.804;33.795
9203;100.0;3.76;33.799
9203;110.0;3.718;33.804
9203;120.0;3.674;33.808
9203;130.0;3.619;33.811
9203;140.0;3.542;33.811
9203;150.0;3.465;33.81
9203;160.0;3.388;33.809
9203;170.0;3.311;33.808
9203;180.0;3.222;33.81
9203;190.0;3.125;33.812
9203;200.0;3.028;33.815
9203;210.0;2.931;33.818
9203;220.0;2.835;33.821
9203;230.0;2.738;33.833
9203;240.0;2.641;33.851
9203;250.0;2.544;33.869
9203;260.0;2.447;33.886
9203;270.0;2.35;33.904
9203;280.0;2.286;33.932
9203;290.0;2.248;33.967
9203;300.0;2.224;34.003
9203;310.0;2.202;34.038
9203;320.0;2.178;34.073
9203;330.0;2.154;34.107
9203;340.0;2.131;34.141
9203;350.0;2.107;34.175
9203;360.0;2.084;34.209
9203;370.0;2.06;34.243
9203;380.0;2.061;34.256
9203;390.0;2.067;34.264
9203;400.0;2.073;34.273
9203;410.0;2.078;34.281
9203;420.0;2.084;34.289
9203;430.0;2.09;34.298
9203;440.0;2.096;34.307
9203;450.0;2.102;34.315
9203;460.0;2.107;34.324
9203;470.0;2.113;34.332
9203;480.0;2.119;34.342
9203;490.0;2.125;34.352
9203;500.0;2.13;34.362
9204;0.0;4.116;33.791
9204;10.0;4.113;33.791
9204;20.0;4.11;33.789
9204;30.0;4.107;33.791
9204;40.0;4.081;33.793
9204;50.0;4.054;33.795
9204;60.0;4.026;33.796
9204;70.0;3.997;33.798
9204;80.0;3.969;33.799
9204;90.0;3.941;33.799
9204;100.0;3.913;33.799
9204;110.0;3.754;33.814
9204;120.0;3.554;33.833
9204;130.0;3.354;33.851
9204;140.0;3.152;33.87
9204;150.0;2.946;33.89
9204;160.0;2.74;33.916
9204;170.0;2.534;33.945
9204;180.0;2.329;33.973
9204;190.0;2.123;34.003
9204;200.0;1.917;34.033
9204;210.0;1.87;34.057
9204;220.0;1.888;34.08
9204;230.0;1.905;34.101
9204;240.0;1.922;34.123
9204;250.0;1.939;34.143
9204;260.0;1.957;34.158
9204;270.0;1.975;34.169
9204;280.0;1.998;34.18
9204;290.0;2.021;34.191
9204;300.0;2.044;34.202
9204;310.0;2.059;34.213
9204;320.0;2.07;34.223
9204;330.0;2.081;34.233
9204;340.0;2.093;34.244
9204;350.0;2.103;34.254
9204;360.0;2.115;34.264
9204;370.0;2.126;34.274
9204;380.0;2.137;34.283
9204;390.0;2.148;34.293
9204;400.0;2.158;34.303
9204;410.0;2.164;34.312
9204;420.0;2.166;34.32
9204;430.0;2.167;34.33
9204;440.0;2.17;34.338
9204;450.0;2.172;34.346
9204;460.0;2.173;34.354
9204;470.0;2.175;34.364
9204;480.0;2.177;34.372
9204;490.0;2.179;34.38
9204;500.0;2.18;34.388
9205;0.0;3.674;33.793
9205;10.0;3.673;33.793
9205;20.0;3.67;33.792
9205;30.0;3.668;33.794
9205;40.0;3.658;33.795
9205;50.0;3.646;33.796
9205;60.0;3.634;33.796
9205;70.0;3.622;33.796
9205;80.0;3.611;33.796
9205;90.0;3.599;33.797
9205;100.0;3.588;33.802
9205;110.0;3.514;33.816
9205;120.0;3.421;33.831
9205;130.0;3.327;33.847
9205;140.0;3.22;33.865
9205;150.0;3.079;33.888
9205;160.0;2.939;33.914
9205;170.0;2.798;33.941
9205;180.0;2.657;33.969
9205;190.0;2.517;34.002
9205;200.0;2.376;34.035
9205;210.0;2.31;34.066
9205;220.0;2.276;34.096
9205;230.0;2.241;34.119
9205;240.0;2.206;34.137
9205;250.0;2.171;34.154
9205;260.0;2.136;34.169
9205;270.0;2.113;34.182
9205;280.0;2.125;34.195
9205;290.0;2.138;34.208
9205;300.0;2.15;34.221
9205;310.0;2.16;34.234
9205;320.0;2.166;34.247
9205;330.0;2.173;34.26
9205;340.0;2.18;34.272
9205;350.0;2.187;34.283
9205;360.0;2.194;34.293
9205;370.0;2.201;34.303
9205;380.0;2.208;34.314
9205;390.0;2.215;34.324
9205;400.0;2.222;34.334
9205;410.0;2.226;34.344
9205;420.0;2.229;34.353
9205;430.0;2.231;34.363
9205;440.0;2.233;34.374
9205;450.0;2.237;34.384
9205;460.0;2.239;34.394
9205;470.0;2.241;34.405
9205;480.0;2.244;34.415
9205;490.0;2.247;34.425
9205;500.0;2.249;34.435
9206;0.0;3.211;33.799
9206;10.0;3.21;33.798
9206;20.0;3.208;33.798
9206;30.0;3.208;33.8
9206;40.0;3.211;33.799
9206;50.0;3.214;33.8
9206;60.0;3.217;33.799
9206;70.0;3.22;33.797
9206;80.0;3.223;33.797
9206;90.0;3.226;33.798
9206;100.0;3.229;33.807
9206;110.0;3.232;33.819
9206;120.0;3.235;33.831
9206;130.0;3.238;33.843
9206;140.0;3.217;33.859
9206;150.0;3.14;33.884
9206;160.0;3.063;33.908
9206;170.0;2.985;33.932
9206;180.0;2.908;33.957
9206;190.0;2.83;33.991
9206;200.0;2.752;34.024
9206;210.0;2.675;34.059
9206;220.0;2.597;34.093
9206;230.0;2.52;34.115
9206;240.0;2.442;34.129
9206;250.0;2.365;34.143
9206;260.0;2.287;34.158
9206;270.0;2.231;34.172
9206;280.0;2.233;34.187
9206;290.0;2.235;34.201
9206;300.0;2.237;34.218
9206;310.0;2.24;34.235
9206;320.0;2.242;34.252
9206;330.0;2.244;34.269
9206;340.0;2.247;34.285
9206;350.0;2.25;34.301
9206;360.0;2.252;34.313
9206;370.0;2.254;34.325
9206;380.0;2.257;34.337
9206;390.0;2.26;34.347
9206;400.0;2.263;34.358
9206;410.0;2.266;34.368
9206;420.0;2.269;34.377
9206;430.0;2.272;34.389
9206;440.0;2.275;34.401
9206;450.0;2.279;34.413
9206;460.0;2.282;34.424
9206;470.0;2.286;34.436
9206;480.0;2.289;34.448
9206;490.0;2.294;34.46
9206;500.0;2.298;34.471
9207;0.0;2.718;33.828
9207;10.0;2.718;33.822
9207;20.0;2.717;33.822
9207;30.0;2.719;33.827
9207;40.0;2.723;33.823
9207;50.0;2.727;33.824
9207;60.0;2.729;33.823
9207;70.0;2.731;33.822
9207;80.0;2.733;33.822
9207;90.0;2.735;33.822
9207;100.0;2.738;33.826
9207;110.0;2.741;33.833
9207;120.0;2.743;33.839
9207;130.0;2.745;33.846
9207;140.0;2.736;33.854
9207;150.0;2.701;33.866
9207;160.0;2.657;33.877
9207;170.0;2.612;33.887
9207;180.0;2.568;33.898
9207;190.0;2.523;33.913
9207;200.0;2.479;33.928
9207;210.0;2.434;33.945
9207;220.0;2.39;33.962
9207;230.0;2.345;33.973
9207;240.0;2.3;33.981
9207;250.0;2.258;33.99
9207;260.0;2.216;33.999
9207;270.0;2.183;34.008
9207;280.0;2.179;34.018
9207;290.0;2.174;34.036
9207;300.0;2.17;34.068
9207;310.0;2.166;34.101
9207;320.0;2.162;34.134
9207;330.0;2.157;34.166
9207;340.0;2.153;34.198
9207;350.0;2.149;34.23
9207;360.0;2.145;34.26
9207;370.0;2.14;34.291
9207;380.0;2.141;34.307
9207;390.0;2.144;34.316
9207;400.0;2.147;34.325
9207;410.0;2.15;34.334
9207;420.0;2.153;34.342
9207;430.0;2.156;34.352
9207;440.0;2.158;34.362
9207;450.0;2.162;34.372
9207;460.0;2.165;34.381
9207;470.0;2.169;34.391
9207;480.0;2.178;34.402
9207;490.0;2.188;34.412
9207;500.0;2.197;34.422
9208;0.0;2.252;33.853
9208;10.0;2.252;33.844
9208;20.0;2.253;33.844
9208;30.0;2.257;33.852
9208;40.0;2.261;33.846
9208;50.0;2.265;33.846
9208;60.0;2.268;33.846
9208;70.0;2.269;33.845
9208;80.0;2.271;33.845
9208;90.0;2.273;33.845
9208;100.0;2.275;33.845
9208;110.0;2.278;33.847
9208;120.0;2.282;33.849
9208;130.0;2.284;33.851
9208;140.0;2.287;33.854
9208;150.0;2.29;33.858
9208;160.0;2.279;33.86
9208;170.0;2.267;33.863
9208;180.0;2.256;33.866
9208;190.0;2.244;33.868
9208;200.0;2.23;33.868
9208;210.0;2.215;33.87
9208;220.0;2.201;33.872
9208;230.0;2.186;33.874
9208;240.0;2.172;33.876
9208;250.0;2.16;33.881
9208;260.0;2.149;33.887
9208;270.0;2.139;33.893
9208;280.0;2.129;33.9
9208;290.0;2.118;33.92
9208;300.0;2.109;33.962
9208;310.0;2.1;34.005
9208;320.0;2.091;34.048
9208;330.0;2.081;34.09
9208;340.0;2.072;34.133
9208;350.0;2.063;34.176
9208;360.0;2.054;34.218
9208;370.0;2.045;34.261
9208;380.0;2.044;34.279
9208;390.0;2.046;34.287
9208;400.0;2.048;34.295
9208;410.0;2.051;34.303
9208;420.0;2.054;34.311
9208;430.0;2.056;34.319
9208;440.0;2.058;34.327
9208;450.0;2.061;34.335
9208;460.0;2.065;34.342
9208;470.0;2.071;34.351
9208;480.0;2.083;34.359
9208;490.0;2.096;34.368
9208;500.0;2.109;34.378
9209;0.0;2.085;33.849
9209;10.0;2.085;33.848
9209;20.0;2.087;33.845
9209;30.0;2.089;33.849
9209;40.0;2.089;33.853
9209;50.0;2.09;33.85
9209;60.0;2.094;33.853
9209;70.0;2.099;33.853
9209;80.0;2.103;33.853
9209;90.0;2.108;33.854
9209;100.0;2.114;33.856
9209;110.0;2.127;33.863
9209;120.0;2.139;33.869
9209;130.0;2.152;33.875
9209;140.0;2.165;33.882
9209;150.0;2.177;33.911
9209;160.0;2.189;33.949
9209;170.0;2.201;33.988
9209;180.0;2.213;34.027
9209;190.0;2.222;34.062
9209;200.0;2.21;34.069
9209;210.0;2.197;34.077
9209;220.0;2.185;34.083
9209;230.0;2.173;34.091
9209;240.0;2.161;34.099
9209;250.0;2.148;34.114
9209;260.0;2.136;34.129
9209;270.0;2.124;34.145
9209;280.0;2.111;34.159
9209;290.0;2.1;34.176
9209;300.0;2.1;34.187
9209;310.0;2.099;34.198
9209;320.0;2.099;34.21
9209;330.0;2.098;34.221
9209;340.0;2.097;34.232
9209;350.0;2.097;34.244
9209;360.0;2.096;34.255
9209;370.0;2.096;34.266
9209;380.0;2.096;34.274
9209;390.0;2.096;34.282
9209;400.0;2.096;34.291
9209;410.0;2.096;34.299
9209;420.0;2.096;34.308
9209;430.0;2.096;34.316
9209;440.0;2.097;34.324
9209;450.0;2.103;34.332
9209;460.0;2.108;34.339
9209;470.0;2.113;34.347
9209;480.0;2.119;34.354
9209;490.0;2.125;34.362
9209;500.0;2.131;34.37
9210;0.0;2.012;33.861
9210;10.0;2.012;33.861
9210;20.0;2.01;33.86
9210;30.0;2.009;33.861
9210;40.0;2.008;33.861
9210;50.0;2.008;33.86
9210;60.0;2.007;33.859
9210;70.0;2.006;33.858
9210;80.0;2.005;33.86
9210;90.0;2.004;33.862
9210;100.0;2.009;33.862
9210;110.0;2.015;33.861
9210;120.0;2.02;33.861
9210;130.0;2.026;33.861
9210;140.0;2.031;33.863
9210;150.0;2.037;33.888
9210;160.0;2.042;33.913
9210;170.0;2.048;33.939
9210;180.0;2.054;33.965
9210;190.0;2.062;33.993
9210;200.0;2.08;34.029
9210;210.0;2.097;34.065
9210;220.0;2.114;34.1
9210;230.0;2.131;34.136
9210;240.0;2.149;34.163
9210;250.0;2.167;34.179
9210;260.0;2.184;34.194
9210;270.0;2.202;34.209
9210;280.0;2.219;34.224
9210;290.0;2.225;34.237
9210;300.0;2.223;34.246
9210;310.0;2.221;34.256
9210;320.0;2.219;34.265
9210;330.0;2.217;34.275
9210;340.0;2.214;34.285
9210;350.0;2.212;34.294
9210;360.0;2.21;34.304
9210;370.0;2.208;34.314
9210;380.0;2.205;34.322
9210;390.0;2.203;34.329
9210;400.0;2.201;34.336
9210;410.0;2.199;34.343
9210;420.0;2.197;34.35
9210;430.0;2.195;34.358
9210;440.0;2.193;34.365
9210;450.0;2.191;34.372
9210;460.0;2.188;34.379
9210;470.0;2.189;34.386
9210;480.0;2.193;34.394
9210;490.0;2.197;34.401
9210;500.0;2.202;34.409
9211;0.0;2.592;33.845
9211;10.0;2.57;33.845
9211;20.0;2.566;33.845
9211;30.0;2.562;33.843
9211;40.0;2.547;33.843
9211;50.0;2.515;33.842
9211;60.0;2.48;33.841
9211;70.0;2.445;33.843
9211;80.0;2.41;33.848
9211;90.0;2.376;33.853
9211;100.0;2.341;33.856
9211;110.0;2.308;33.858
9211;120.0;2.274;33.861
9211;130.0;2.241;33.863
9211;140.0;2.208;33.865
9211;150.0;2.174;33.872
9211;160.0;2.14;33.88
9211;170.0;2.107;33.888
9211;180.0;2.09;33.907
9211;190.0;2.078;33.932
9211;200.0;2.07;33.958
9211;210.0;2.061;33.984
9211;220.0;2.066;34.016
9211;230.0;2.085;34.055
9211;240.0;2.105;34.091
9211;250.0;2.12;34.121
9211;260.0;2.128;34.142
9211;270.0;2.135;34.164
9211;280.0;2.142;34.185
9211;290.0;2.148;34.204
9211;300.0;2.15;34.223
9211;310.0;2.153;34.242
9211;320.0;2.156;34.255
9211;330.0;2.159;34.265
9211;340.0;2.161;34.276
9211;350.0;2.164;34.286
9211;360.0;2.167;34.295
9211;370.0;2.17;34.305
9211;380.0;2.172;34.314
9211;390.0;2.165;34.324
9211;400.0;2.157;34.335
9211;410.0;2.148;34.345
9211;420.0;2.145;34.352
9211;430.0;2.148;34.354
9211;440.0;2.151;34.358
9211;450.0;2.154;34.361
9211;460.0;2.157;34.373
9211;470.0;2.16;34.385
9211;480.0;2.165;34.397
9211;490.0;2.172;34.405
9211;500.0;2.18;34.414
9212;0.0;2.988;33.864
9212;10.0;2.985;33.847
9212;20.0;2.985;33.842
9212;30.0;2.985;33.843
9212;40.0;2.966;33.846
9212;50.0;2.957;33.846
9212;60.0;2.912;33.847
9212;70.0;2.845;33.848
9212;80.0;2.777;33.85
9212;90.0;2.71;33.853
9212;100.0;2.632;33.856
9212;110.0;2.543;33.861
9212;120.0;2.454;33.865
9212;130.0;2.366;33.869
9212;140.0;2.278;33.876
9212;150.0;2.19;33.888
9212;160.0;2.101;33.901
9212;170.0;2.012;33.914
9212;180.0;1.947;33.929
9212;190.0;1.953;33.952
9212;200.0;1.959;33.975
9212;210.0;1.965;33.998
9212;220.0;1.973;34.022
9212;230.0;1.983;34.046
9212;240.0;1.992;34.07
9212;250.0;2.001;34.094
9212;260.0;2.009;34.112
9212;270.0;2.017;34.128
9212;280.0;2.025;34.144
9212;290.0;2.034;34.159
9212;300.0;2.041;34.175
9212;310.0;2.049;34.191
9212;320.0;2.057;34.206
9212;330.0;2.065;34.221
9212;340.0;2.074;34.232
9212;350.0;2.081;34.243
9212;360.0;2.09;34.254
9212;370.0;2.098;34.264
9212;380.0;2.105;34.274
9212;390.0;2.113;34.285
9212;400.0;2.119;34.297
9212;410.0;2.126;34.308
9212;420.0;2.133;34.318
9212;430.0;2.141;34.328
9212;440.0;2.15;34.339
9212;450.0;2.158;34.349
9212;460.0;2.166;34.36
9212;470.0;2.174;34.371
9212;480.0;2.182;34.382
9212;490.0;2.187;34.392
9212;500.0;2.19;34.403
9301;0.0;3.24;33.848
9301;10.0;3.24;33.836
9301;20.0;3.24;33.832
9301;30.0;3.24;33.832
9301;40.0;3.228;33.835
9301;50.0;3.224;33.835
9301;60.0;3.193;33.836
9301;70.0;3.144;33.834
9301;80.0;3.096;33.834
9301;90.0;3.048;33.836
9301;100.0;2.992;33.838
9301;110.0;2.929;33.841
9301;120.0;2.863;33.844
9301;130.0;2.764;33.845
9301;140.0;2.657;33.849
9301;150.0;2.485;33.86
9301;160.0;2.311;33.872
9301;170.0;2.139;33.884
9301;180.0;1.982;33.897
9301;190.0;1.877;33.915
9301;200.0;1.873;33.936
9301;210.0;1.873;33.957
9301;220.0;1.874;33.978
9301;230.0;1.874;33.999
9301;240.0;1.875;34.02
9301;250.0;1.91;34.048
9301;260.0;1.95;34.073
9301;270.0;1.992;34.097
9301;280.0;2.033;34.12
9301;290.0;2.074;34.144
9301;300.0;2.08;34.158
9301;310.0;2.084;34.172
9301;320.0;2.088;34.185
9301;330.0;2.092;34.199
9301;340.0;2.098;34.21
9301;350.0;2.106;34.221
9301;360.0;2.114;34.232
9301;370.0;2.122;34.243
9301;380.0;2.13;34.254
9301;390.0;2.139;34.265
9301;400.0;2.147;34.277
9301;410.0;2.155;34.288
9301;420.0;2.163;34.299
9301;430.0;2.171;34.31
9301;440.0;2.18;34.321
9301;450.0;2.185;34.332
9301;460.0;2.19;34.342
9301;470.0;2.195;34.352
9301;480.0;2.2;34.363
9301;490.0;2.202;34.372
9301;500.0;2.204;34.383
9302;0.0;3.882;33.824
9302;10.0;3.867;33.823
9302;20.0;3.868;33.822
9302;30.0;3.869;33.823
9302;40.0;3.867;33.823
9302;50.0;3.866;33.822
9302;60.0;3.864;33.822
9302;70.0;3.858;33.818
9302;80.0;3.799;33.816
9302;90.0;3.724;33.816
9302;100.0;3.649;33.817
9302;110.0;3.576;33.818
9302;120.0;3.496;33.819
9302;130.0;3.357;33.817
9302;140.0;3.2;33.816
9302;150.0;2.922;33.83
9302;160.0;2.643;33.847
9302;170.0;2.365;33.864
9302;180.0;2.086;33.881
9302;190.0;1.816;33.897
9302;200.0;1.807;33.916
9302;210.0;1.808;33.935
9302;220.0;1.81;33.955
9302;230.0;1.811;33.975
9302;240.0;1.808;33.993
9302;250.0;1.862;34.023
9302;260.0;1.929;34.056
9302;270.0;1.996;34.089
9302;280.0;2.063;34.122
9302;290.0;2.13;34.152
9302;300.0;2.131;34.162
9302;310.0;2.129;34.171
9302;320.0;2.126;34.179
9302;330.0;2.125;34.189
9302;340.0;2.125;34.198
9302;350.0;2.13;34.207
9302;360.0;2.135;34.216
9302;370.0;2.141;34.226
9302;380.0;2.146;34.235
9302;390.0;2.152;34.246
9302;400.0;2.161;34.262
9302;410.0;2.168;34.276
9302;420.0;2.177;34.291
9302;430.0;2.185;34.307
9302;440.0;2.194;34.318
9302;450.0;2.196;34.326
9302;460.0;2.199;34.335
9302;470.0;2.201;34.343
9302;480.0;2.203;34.352
9302;490.0;2.205;34.361
9302;500.0;2.208;34.369
9303;0.0;4.116;33.844
9303;10.0;4.083;33.841
9303;20.0;4.085;33.841
9303;30.0;4.087;33.842
9303;40.0;4.084;33.841
9303;50.0;4.08;33.839
9303;60.0;4.076;33.839
9303;70.0;4.073;33.84
9303;80.0;3.943;33.841
9303;90.0;3.78;33.841
9303;100.0;3.603;33.842
9303;110.0;3.413;33.845
9303;120.0;3.224;33.848
9303;130.0;3.034;33.851
9303;140.0;2.845;33.854
9303;150.0;2.656;33.877
9303;160.0;2.466;33.907
9303;170.0;2.277;33.936
9303;180.0;2.087;33.966
9303;190.0;1.917;33.994
9303;200.0;1.939;34.017
9303;210.0;1.975;34.04
9303;220.0;2.01;34.064
9303;230.0;2.045;34.088
9303;240.0;2.06;34.108
9303;250.0;2.062;34.127
9303;260.0;2.064;34.146
9303;270.0;2.067;34.166
9303;280.0;2.069;34.185
9303;290.0;2.071;34.197
9303;300.0;2.074;34.205
9303;310.0;2.075;34.212
9303;320.0;2.077;34.218
9303;330.0;2.079;34.226
9303;340.0;2.08;34.233
9303;350.0;2.082;34.239
9303;360.0;2.083;34.246
9303;370.0;2.085;34.254
9303;380.0;2.087;34.26
9303;390.0;2.089;34.27
9303;400.0;2.097;34.29
9303;410.0;2.106;34.309
9303;420.0;2.114;34.328
9303;430.0;2.122;34.348
9303;440.0;2.13;34.36
9303;450.0;2.138;34.367
9303;460.0;2.147;34.376
9303;470.0;2.155;34.383
9303;480.0;2.163;34.392
9303;490.0;2.171;34.4
9303;500.0;2.179;34.408
9304;0.0;3.953;33.833
9304;10.0;3.955;33.822
9304;20.0;3.957;33.826
9304;30.0;3.958;33.823
9304;40.0;3.96;33.823
9304;50.0;3.958;33.822
9304;60.0;3.955;33.821
9304;70.0;3.952;33.823
9304;80.0;3.949;33.826
9304;90.0;3.946;33.828
9304;100.0;3.83;33.832
9304;110.0;3.591;33.839
9304;120.0;3.35;33.848
9304;130.0;3.111;33.858
9304;140.0;2.872;33.863
9304;150.0;2.641;33.875
9304;160.0;2.458;33.895
9304;170.0;2.274;33.915
9304;180.0;2.091;33.935
9304;190.0;1.907;33.956
9304;200.0;1.881;33.983
9304;210.0;1.946;34.011
9304;220.0;2.02;34.04
9304;230.0;2.094;34.067
9304;240.0;2.105;34.08
9304;250.0;2.115;34.094
9304;260.0;2.125;34.107
9304;270.0;2.135;34.12
9304;280.0;2.145;34.134
9304;290.0;2.155;34.147
9304;300.0;2.165;34.161
9304;310.0;2.172;34.173
9304;320.0;2.177;34.185
9304;330.0;2.182;34.197
9304;340.0;2.187;34.209
9304;350.0;2.192;34.221
9304;360.0;2.197;34.233
9304;370.0;2.203;34.245
9304;380.0;2.208;34.257
9304;390.0;2.209;34.269
9304;400.0;2.21;34.281
9304;410.0;2.211;34.294
9304;420.0;2.212;34.307
9304;430.0;2.214;34.319
9304;440.0;2.215;34.331
9304;450.0;2.216;34.344
9304;460.0;2.217;34.356
9304;470.0;2.218;34.369
9304;480.0;2.219;34.382
9304;490.0;2.22;34.394
9304;500.0;2.221;34.406
9305;0.0;3.86;33.811
9305;10.0;3.86;33.81
9305;20.0;3.86;33.809
9305;30.0;3.86;33.805
9305;40.0;3.86;33.806
9305;50.0;3.86;33.807
9305;60.0;3.858;33.809
9305;70.0;3.856;33.81
9305;80.0;3.853;33.812
9305;90.0;3.849;33.813
9305;100.0;3.724;33.822
9305;110.0;3.423;33.843
9305;120.0;3.122;33.869
9305;130.0;2.821;33.898
9305;140.0;2.52;33.908
9305;150.0;2.26;33.919
9305;160.0;2.204;33.943
9305;170.0;2.148;33.966
9305;180.0;2.092;33.99
9305;190.0;2.035;34.014
9305;200.0;1.979;34.038
9305;210.0;1.959;34.056
9305;220.0;1.978;34.068
9305;230.0;1.996;34.08
9305;240.0;2.015;34.092
9305;250.0;2.034;34.103
9305;260.0;2.052;34.115
9305;270.0;2.071;34.127
9305;280.0;2.09;34.139
9305;290.0;2.108;34.151
9305;300.0;2.127;34.163
9305;310.0;2.146;34.175
9305;320.0;2.164;34.187
9305;330.0;2.183;34.199
9305;340.0;2.202;34.211
9305;350.0;2.22;34.223
9305;360.0;2.239;34.235
9305;370.0;2.258;34.247
9305;380.0;2.276;34.259
9305;390.0;2.281;34.272
9305;400.0;2.281;34.286
9305;410.0;2.282;34.301
9305;420.0;2.283;34.315
9305;430.0;2.284;34.329
9305;440.0;2.285;34.343
9305;450.0;2.286;34.357
9305;460.0;2.286;34.371
9305;470.0;2.287;34.385
9305;480.0;2.288;34.4
9305;490.0;2.289;34.414
9305;500.0;2.29;34.428
9306;0.0;2.989;33.827
9306;10.0;2.984;33.828
9306;20.0;2.981;33.829
9306;30.0;2.978;33.83
9306;40.0;2.978;33.831
9306;50.0;2.979;33.829
9306;60.0;2.967;33.832
9306;70.0;2.953;33.834
9306;80.0;2.938;33.835
9306;90.0;2.924;33.834
9306;100.0;2.91;33.834
9306;110.0;2.81;33.833
9306;120.0;2.699;33.832
9306;130.0;2.589;33.832
9306;140.0;2.479;33.832
9306;150.0;2.368;33.831
9306;160.0;2.293;33.853
9306;170.0;2.224;33.876
9306;180.0;2.154;33.899
9306;190.0;2.084;33.924
9306;200.0;2.012;33.947
9306;210.0;2.0;33.965
9306;220.0;2.005;33.983
9306;230.0;2.009;34.001
9306;240.0;2.014;34.018
9306;250.0;2.018;34.039
9306;260.0;2.038;34.06
9306;270.0;2.059;34.08
9306;280.0;2.08;34.101
9306;290.0;2.102;34.122
9306;300.0;2.123;34.142
9306;310.0;2.131;34.157
9306;320.0;2.133;34.172
9306;330.0;2.136;34.186
9306;340.0;2.139;34.199
9306;350.0;2.141;34.214
9306;360.0;2.144;34.227
9306;370.0;2.147;34.241
9306;380.0;2.149;34.256
9306;390.0;2.152;34.269
9306;400.0;2.156;34.283
9306;410.0;2.16;34.294
9306;420.0;2.165;34.305
9306;430.0;2.169;34.316
9306;440.0;2.174;34.328
9306;450.0;2.178;34.338
9306;460.0;2.183;34.35
9306;470.0;2.188;34.361
9306;480.0;2.193;34.372
9306;490.0;2.197;34.383
9306;500.0;2.203;34.392
9307;0.0;2.266;33.86
9307;10.0;2.267;33.861
9307;20.0;2.273;33.862
9307;30.0;2.274;33.863
9307;40.0;2.275;33.854
9307;50.0;2.275;33.859
9307;60.0;2.276;33.865
9307;70.0;2.278;33.864
9307;80.0;2.281;33.862
9307;90.0;2.283;33.861
9307;100.0;2.286;33.862
9307;110.0;2.286;33.863
9307;120.0;2.286;33.864
9307;130.0;2.285;33.864
9307;140.0;2.284;33.865
9307;150.0;2.284;33.866
9307;160.0;2.284;33.868
9307;170.0;2.286;33.87
9307;180.0;2.287;33.872
9307;190.0;2.287;33.874
9307;200.0;2.275;33.872
9307;210.0;2.265;33.872
9307;220.0;2.256;33.871
9307;230.0;2.246;33.87
9307;240.0;2.236;33.869
9307;250.0;2.226;33.892
9307;260.0;2.217;33.921
9307;270.0;2.208;33.949
9307;280.0;2.199;33.977
9307;290.0;2.19;34.006
9307;300.0;2.181;34.035
9307;310.0;2.172;34.062
9307;320.0;2.161;34.091
9307;330.0;2.151;34.119
9307;340.0;2.142;34.147
9307;350.0;2.132;34.175
9307;360.0;2.123;34.204
9307;370.0;2.113;34.231
9307;380.0;2.104;34.26
9307;390.0;2.093;34.288
9307;400.0;2.087;34.311
9307;410.0;2.093;34.321
9307;420.0;2.098;34.33
9307;430.0;2.104;34.339
9307;440.0;2.109;34.349
9307;450.0;2.114;34.358
9307;460.0;2.12;34.367
9307;470.0;2.125;34.376
9307;480.0;2.13;34.387
9307;490.0;2.138;34.395
9307;500.0;2.152;34.4
9308;0.0;1.972;33.88
9308;10.0;1.972;33.875
9308;20.0;1.976;33.877
9308;30.0;1.977;33.878
9308;40.0;1.976;33.878
9308;50.0;1.975;33.879
9308;60.0;1.977;33.879
9308;70.0;1.978;33.879
9308;80.0;1.979;33.879
9308;90.0;1.981;33.88
9308;100.0;1.982;33.88
9308;110.0;1.983;33.881
9308;120.0;1.984;33.881
9308;130.0;1.986;33.882
9308;140.0;1.988;33.882
9308;150.0;1.994;33.886
9308;160.0;2.001;33.889
9308;170.0;2.007;33.892
9308;180.0;2.013;33.896
9308;190.0;2.02;33.899
9308;200.0;2.025;33.932
9308;210.0;2.03;33.966
9308;220.0;2.035;34.001
9308;230.0;2.04;34.035
9308;240.0;2.044;34.07
9308;250.0;2.049;34.092
9308;260.0;2.054;34.107
9308;270.0;2.059;34.124
9308;280.0;2.064;34.141
9308;290.0;2.069;34.156
9308;300.0;2.067;34.17
9308;310.0;2.058;34.183
9308;320.0;2.051;34.194
9308;330.0;2.043;34.206
9308;340.0;2.035;34.217
9308;350.0;2.027;34.23
9308;360.0;2.02;34.241
9308;370.0;2.011;34.253
9308;380.0;2.004;34.264
9308;390.0;1.996;34.277
9308;400.0;1.988;34.288
9308;410.0;1.982;34.297
9308;420.0;1.976;34.307
9308;430.0;1.971;34.316
9308;440.0;1.964;34.326
9308;450.0;1.958;34.335
9308;460.0;1.952;34.345
9308;470.0;1.947;34.354
9308;480.0;1.94;34.364
9308;490.0;1.935;34.373
9308;500.0;1.929;34.382
9309;0.0;1.683;33.917
9309;10.0;1.683;33.915
9309;20.0;1.684;33.914
9309;30.0;1.684;33.914
9309;40.0;1.683;33.915
9309;50.0;1.682;33.916
9309;60.0;1.683;33.918
9309;70.0;1.683;33.92
9309;80.0;1.683;33.922
9309;90.0;1.673;33.923
9309;100.0;1.654;33.924
9309;110.0;1.635;33.926
9309;120.0;1.616;33.927
9309;130.0;1.597;33.927
9309;140.0;1.579;33.927
9309;150.0;1.561;33.928
9309;160.0;1.561;33.928
9309;170.0;1.562;33.928
9309;180.0;1.562;33.928
9309;190.0;1.563;33.928
9309;200.0;1.564;33.928
9309;210.0;1.564;33.93
9309;220.0;1.568;33.948
9309;230.0;1.575;33.976
9309;240.0;1.581;34.003
9309;250.0;1.588;34.031
9309;260.0;1.594;34.058
9309;270.0;1.601;34.085
9309;280.0;1.607;34.112
9309;290.0;1.614;34.133
9309;300.0;1.62;34.153
9309;310.0;1.626;34.174
9309;320.0;1.632;34.194
9309;330.0;1.638;34.215
9309;340.0;1.644;34.235
9309;350.0;1.65;34.248
9309;360.0;1.656;34.255
9309;370.0;1.662;34.262
9309;380.0;1.668;34.269
9309;390.0;1.674;34.276
9309;400.0;1.68;34.283
9309;410.0;1.686;34.291
9309;420.0;1.692;34.298
9309;430.0;1.698;34.305
9309;440.0;1.704;34.312
9309;450.0;1.71;34.319
9309;460.0;1.716;34.327
9309;470.0;1.722;34.335
9309;480.0;1.728;34.342
9309;490.0;1.734;34.349
9309;500.0;1.74;34.356
9310;0.0;1.745;33.925
9310;10.0;1.745;33.922
9310;20.0;1.745;33.919
9310;30.0;1.744;33.918
9310;40.0;1.743;33.918
9310;50.0;1.741;33.918
9310;60.0;1.739;33.919
9310;70.0;1.738;33.92
9310;80.0;1.737;33.921
9310;90.0;1.732;33.921
9310;100.0;1.725;33.922
9310;110.0;1.718;33.922
9310;120.0;1.711;33.923
9310;130.0;1.704;33.923
9310;140.0;1.697;33.923
9310;150.0;1.69;33.923
9310;160.0;1.688;33.923
9310;170.0;1.687;33.923
9310;180.0;1.693;33.923
9310;190.0;1.709;33.923
9310;200.0;1.726;33.924
9310;210.0;1.742;33.924
9310;220.0;1.759;33.929
9310;230.0;1.778;33.954
9310;240.0;1.796;33.983
9310;250.0;1.814;34.012
9310;260.0;1.833;34.041
9310;270.0;1.846;34.068
9310;280.0;1.849;34.092
9310;290.0;1.853;34.113
9310;300.0;1.855;34.135
9310;310.0;1.859;34.156
9310;320.0;1.861;34.178
9310;330.0;1.864;34.199
9310;340.0;1.868;34.221
9310;350.0;1.87;34.24
9310;360.0;1.874;34.255
9310;370.0;1.876;34.265
9310;380.0;1.88;34.274
9310;390.0;1.883;34.283
9310;400.0;1.885;34.293
9310;410.0;1.889;34.302
9310;420.0;1.891;34.311
9310;430.0;1.895;34.321
9310;440.0;1.898;34.33
9310;450.0;1.906;34.34
9310;460.0;1.938;34.349
9310;470.0;1.97;34.359
9310;480.0;2.0;34.368
9310;490.0;2.032;34.378
9310;500.0;2.064;34.387
9311;0.0;1.869;33.928
9311;10.0;1.869;33.926
9311;20.0;1.869;33.925
9311;30.0;1.868;33.924
9311;40.0;1.867;33.924
9311;50.0;1.866;33.924
9311;60.0;1.866;33.924
9311;70.0;1.865;33.925
9311;80.0;1.863;33.925
9311;90.0;1.861;33.925
9311;100.0;1.86;33.925
9311;110.0;1.859;33.926
9311;120.0;1.857;33.926
9311;130.0;1.855;33.925
9311;140.0;1.853;33.925
9311;150.0;1.852;33.925
9311;160.0;1.844;33.927
9311;170.0;1.836;33.929
9311;180.0;1.833;33.931
9311;190.0;1.835;33.933
9311;200.0;1.838;33.936
9311;210.0;1.84;33.939
9311;220.0;1.843;33.942
9311;230.0;1.847;33.957
9311;240.0;1.858;33.987
9311;250.0;1.869;34.017
9311;260.0;1.882;34.047
9311;270.0;1.89;34.077
9311;280.0;1.892;34.104
9311;290.0;1.896;34.131
9311;300.0;1.898;34.158
9311;310.0;1.9;34.185
9311;320.0;1.903;34.207
9311;330.0;1.906;34.221
9311;340.0;1.909;34.235
9311;350.0;1.911;34.248
9311;360.0;1.914;34.261
9311;370.0;1.917;34.27
9311;380.0;1.919;34.279
9311;390.0;1.922;34.288
9311;400.0;1.925;34.297
9311;410.0;1.94;34.307
9311;420.0;1.963;34.317
9311;430.0;1.985;34.327
9311;440.0;2.009;34.338
9311;450.0;2.034;34.348
9311;460.0;2.073;34.359
9311;470.0;2.112;34.369
9311;480.0;2.152;34.379
9311;490.0;2.191;34.39
9311;500.0;2.23;34.4
9312;0.0;2.488;33.906
9312;10.0;2.488;33.906
9312;20.0;2.486;33.914
9312;30.0;2.469;33.912
9312;40.0;2.452;33.914
9312;50.0;2.43;33.912
9312;60.0;2.381;33.914
9312;70.0;2.332;33.915
9312;80.0;2.283;33.916
9312;90.0;2.233;33.918
9312;100.0;2.184;33.92
9312;110.0;2.135;33.923
9312;120.0;2.085;33.925
9312;130.0;2.036;33.927
9312;140.0;1.986;33.929
9312;150.0;1.937;33.93
9312;160.0;1.884;33.934
9312;170.0;1.83;33.938
9312;180.0;1.777;33.941
9312;190.0;1.723;33.945
9312;200.0;1.705;33.95
9312;210.0;1.726;33.957
9312;220.0;1.747;33.964
9312;230.0;1.769;33.972
9312;240.0;1.797;33.99
9312;250.0;1.824;34.013
9312;260.0;1.851;34.045
9312;270.0;1.879;34.078
9312;280.0;1.906;34.11
9312;290.0;1.933;34.142
9312;300.0;1.96;34.172
9312;310.0;1.983;34.197
9312;320.0;2.008;34.217
9312;330.0;2.031;34.232
9312;340.0;2.056;34.247
9312;350.0;2.078;34.262
9312;360.0;2.083;34.274
9312;370.0;2.088;34.286
9312;380.0;2.093;34.298
9312;390.0;2.098;34.31
9312;400.0;2.101;34.318
9312;410.0;2.113;34.326
9312;420.0;2.129;34.334
9312;430.0;2.146;34.342
9312;440.0;2.162;34.351
9312;450.0;2.179;34.359
9312;460.0;2.195;34.367
9312;470.0;2.212;34.375
9312;480.0;2.229;34.383
9312;490.0;2.245;34.392
9312;500.0;2.262;34.401
9401;0.0;2.965;33.897
9401;10.0;2.966;33.897
9401;20.0;2.959;33.906
9401;30.0;2.937;33.904
9401;40.0;2.915;33.903
9401;50.0;2.882;33.903
9401;60.0;2.817;33.904
9401;70.0;2.752;33.905
9401;80.0;2.66;33.906
9401;90.0;2.564;33.909
9401;100.0;2.468;33.912
9401;110.0;2.372;33.917
9401;120.0;2.275;33.92
9401;130.0;2.18;33.925
9401;140.0;2.084;33.929
9401;150.0;1.988;33.932
9401;160.0;1.892;33.936
9401;170.0;1.796;33.941
9401;180.0;1.7;33.944
9401;190.0;1.604;33.949
9401;200.0;1.554;33.954
9401;210.0;1.597;33.965
9401;220.0;1.644;33.976
9401;230.0;1.692;33.986
9401;240.0;1.739;33.998
9401;250.0;1.786;34.015
9401;260.0;1.834;34.045
9401;270.0;1.881;34.076
9401;280.0;1.928;34.106
9401;290.0;1.976;34.137
9401;300.0;2.022;34.165
9401;310.0;2.064;34.185
9401;320.0;2.108;34.205
9401;330.0;2.15;34.225
9401;340.0;2.191;34.245
9401;350.0;2.221;34.265
9401;360.0;2.227;34.279
9401;370.0;2.232;34.293
9401;380.0;2.238;34.306
9401;390.0;2.243;34.32
9401;400.0;2.247;34.329
9401;410.0;2.249;34.337
9401;420.0;2.251;34.344
9401;430.0;2.254;34.351
9401;440.0;2.256;34.359
9401;450.0;2.259;34.366
9401;460.0;2.261;34.374
9401;470.0;2.264;34.382
9401;480.0;2.266;34.389
9401;490.0;2.268;34.397
9401;500.0;2.271;34.405
9402;0.0;3.872;33.887
9402;10.0;3.855;33.898
9402;20.0;3.842;33.897
9402;30.0;3.842;33.906
9402;40.0;3.841;33.907
9402;50.0;3.839;33.908
9402;60.0;3.836;33.908
9402;70.0;3.747;33.909
9402;80.0;3.547;33.909
9402;90.0;3.277;33.91
9402;100.0;3.014;33.912
9402;110.0;2.769;33.924
9402;120.0;2.553;33.935
9402;130.0;2.32;33.947
9402;140.0;2.087;33.958
9402;150.0;1.989;33.968
9402;160.0;1.902;33.976
9402;170.0;1.817;33.985
9402;180.0;1.73;33.992
9402;190.0;1.644;34.001
9402;200.0;1.589;34.011
9402;210.0;1.641;34.031
9402;220.0;1.694;34.05
9402;230.0;1.746;34.069
9402;240.0;1.799;34.088
9402;250.0;1.852;34.106
9402;260.0;1.904;34.123
9402;270.0;1.957;34.14
9402;280.0;1.999;34.158
9402;290.0;2.039;34.174
9402;300.0;2.069;34.189
9402;310.0;2.072;34.199
9402;320.0;2.075;34.21
9402;330.0;2.079;34.22
9402;340.0;2.081;34.23
9402;350.0;2.087;34.24
9402;360.0;2.106;34.259
9402;370.0;2.125;34.277
9402;380.0;2.143;34.296
9402;390.0;2.16;34.314
9402;400.0;2.17;34.332
9402;410.0;2.181;34.351
9402;420.0;2.191;34.369
9402;430.0;2.201;34.388
9402;440.0;2.212;34.406
9402;450.0;2.223;34.424
9402;460.0;2.233;34.443
9402;470.0;2.243;34.461
9402;480.0;2.254;34.479
9402;490.0;2.255;34.491
9402;500.0;2.247;34.496
9403;0.0;4.341;33.89
9403;10.0;4.327;33.892
9403;20.0;4.327;33.894
9403;30.0;4.326;33.896
9403;40.0;4.326;33.898
9403;50.0;4.324;33.9
9403;60.0;4.313;33.902
9403;70.0;3.989;33.904
9403;80.0;3.665;33.906
9403;90.0;3.34;33.909
9403;100.0;3.041;33.913
9403;110.0;2.811;33.926
9403;120.0;2.695;33.939
9403;130.0;2.503;33.951
9403;140.0;2.31;33.964
9403;150.0;2.149;33.976
9403;160.0;2.038;33.99
9403;170.0;1.927;34.003
9403;180.0;1.816;34.015
9403;190.0;1.706;34.028
9403;200.0;1.598;34.041
9403;210.0;1.641;34.054
9403;220.0;1.683;34.067
9403;230.0;1.726;34.08
9403;240.0;1.769;34.093
9403;250.0;1.811;34.106
9403;260.0;1.854;34.119
9403;270.0;1.897;34.132
9403;280.0;1.94;34.145
9403;290.0;1.983;34.158
9403;300.0;2.011;34.17
9403;310.0;2.001;34.177
9403;320.0;1.993;34.184
9403;330.0;1.984;34.191
9403;340.0;1.975;34.199
9403;350.0;1.976;34.208
9403;360.0;2.014;34.223
9403;370.0;2.052;34.237
9403;380.0;2.09;34.252
9403;390.0;2.118;34.267
9403;400.0;2.124;34.282
9403;410.0;2.129;34.296
9403;420.0;2.135;34.311
9403;430.0;2.141;34.326
9403;440.0;2.148;34.341
9403;450.0;2.154;34.355
9403;460.0;2.159;34.37
9403;470.0;2.165;34.385
9403;480.0;2.171;34.4
9403;490.0;2.172;34.413
9403;500.0;2.167;34.424
9404;0.0;3.488;33.897
9404;10.0;3.483;33.896
9404;20.0;3.48;33.894
9404;30.0;3.485;33.885
9404;40.0;3.482;33.889
9404;50.0;3.479;33.892
9404;60.0;3.476;33.894
9404;70.0;3.454;33.894
9404;80.0;3.434;33.895
9404;90.0;3.413;33.896
9404;100.0;3.398;33.895
9404;110.0;3.39;33.895
9404;120.0;3.373;33.894
9404;130.0;3.053;33.894
9404;140.0;2.699;33.893
9404;150.0;2.395;33.897
9404;160.0;2.207;33.915
9404;170.0;2.02;33.933
9404;180.0;1.832;33.95
9404;190.0;1.644;33.968
9404;200.0;1.523;33.986
9404;210.0;1.564;34.0
9404;220.0;1.606;34.013
9404;230.0;1.648;34.027
9404;240.0;1.69;34.041
9404;250.0;1.732;34.055
9404;260.0;1.774;34.069
9404;270.0;1.816;34.083
9404;280.0;1.858;34.097
9404;290.0;1.899;34.111
9404;300.0;1.941;34.125
9404;310.0;1.979;34.14
9404;320.0;2.018;34.158
9404;330.0;2.057;34.174
9404;340.0;2.096;34.191
9404;350.0;2.123;34.208
9404;360.0;2.131;34.225
9404;370.0;2.141;34.242
9404;380.0;2.15;34.259
9404;390.0;2.158;34.275
9404;400.0;2.166;34.292
9404;410.0;2.173;34.304
9404;420.0;2.18;34.316
9404;430.0;2.187;34.327
9404;440.0;2.195;34.338
9404;450.0;2.202;34.349
9404;460.0;2.209;34.361
9404;470.0;2.217;34.373
9404;480.0;2.224;34.384
9404;490.0;2.23;34.395
9404;500.0;2.243;34.406
9405;0.0;2.988;33.886
9405;10.0;2.955;33.885
9405;20.0;2.95;33.878
9405;30.0;2.947;33.871
9405;40.0;2.943;33.879
9405;50.0;2.941;33.881
9405;60.0;2.942;33.877
9405;70.0;2.941;33.873
9405;80.0;2.939;33.872
9405;90.0;2.934;33.873
9405;100.0;2.928;33.875
9405;110.0;2.889;33.877
9405;120.0;2.852;33.879
9405;130.0;2.817;33.879
9405;140.0;2.782;33.881
9405;150.0;2.6;33.892
9405;160.0;2.316;33.908
9405;170.0;2.031;33.925
9405;180.0;1.747;33.942
9405;190.0;1.462;33.958
9405;200.0;1.469;33.974
9405;210.0;1.516;33.989
9405;220.0;1.565;34.004
9405;230.0;1.612;34.019
9405;240.0;1.66;34.033
9405;250.0;1.707;34.048
9405;260.0;1.755;34.064
9405;270.0;1.802;34.079
9405;280.0;1.85;34.094
9405;290.0;1.897;34.109
9405;300.0;1.946;34.124
9405;310.0;1.984;34.147
9405;320.0;2.018;34.172
9405;330.0;2.053;34.197
9405;340.0;2.088;34.222
9405;350.0;2.105;34.247
9405;360.0;2.121;34.267
9405;370.0;2.137;34.284
9405;380.0;2.153;34.3
9405;390.0;2.168;34.316
9405;400.0;2.176;34.328
9405;410.0;2.18;34.337
9405;420.0;2.183;34.345
9405;430.0;2.186;34.354
9405;440.0;2.189;34.362
9405;450.0;2.192;34.371
9405;460.0;2.195;34.379
9405;470.0;2.198;34.387
9405;480.0;2.202;34.396
9405;490.0;2.204;34.404
9405;500.0;2.208;34.413
9406;0.0;2.452;33.883
9406;10.0;2.447;33.879
9406;20.0;2.446;33.875
9406;30.0;2.448;33.875
9406;40.0;2.453;33.877
9406;50.0;2.455;33.875
9406;60.0;2.455;33.873
9406;70.0;2.444;33.871
9406;80.0;2.452;33.869
9406;90.0;2.46;33.868
9406;100.0;2.446;33.868
9406;110.0;2.421;33.867
9406;120.0;2.402;33.866
9406;130.0;2.406;33.865
9406;140.0;2.41;33.864
9406;150.0;2.319;33.878
9406;160.0;2.133;33.905
9406;170.0;1.946;33.932
9406;180.0;1.76;33.958
9406;190.0;1.572;33.985
9406;200.0;1.526;34.005
9406;210.0;1.565;34.017
9406;220.0;1.605;34.028
9406;230.0;1.646;34.041
9406;240.0;1.686;34.052
9406;250.0;1.726;34.065
9406;260.0;1.766;34.081
9406;270.0;1.806;34.096
9406;280.0;1.846;34.111
9406;290.0;1.886;34.127
9406;300.0;1.927;34.142
9406;310.0;1.966;34.158
9406;320.0;2.007;34.173
9406;330.0;2.047;34.188
9406;340.0;2.087;34.204
9406;350.0;2.117;34.223
9406;360.0;2.14;34.246
9406;370.0;2.162;34.267
9406;380.0;2.184;34.286
9406;390.0;2.202;34.304
9406;400.0;2.21;34.313
9406;410.0;2.217;34.321
9406;420.0;2.225;34.331
9406;430.0;2.232;34.34
9406;440.0;2.239;34.348
9406;450.0;2.246;34.358
9406;460.0;2.254;34.367
9406;470.0;2.261;34.375
9406;480.0;2.269;34.385
9406;490.0;2.276;34.394
9406;500.0;2.282;34.404
9407;0.0;2.341;33.876
9407;10.0;2.341;33.878
9407;20.0;2.342;33.874
9407;30.0;2.342;33.875
9407;40.0;2.342;33.882
9407;50.0;2.342;33.878
9407;60.0;2.342;33.873
9407;70.0;2.342;33.868
9407;80.0;2.341;33.868
9407;90.0;2.341;33.874
9407;100.0;2.341;33.878
9407;110.0;2.289;33.877
9407;120.0;2.237;33.876
9407;130.0;2.176;33.874
9407;140.0;2.115;33.873
9407;150.0;2.055;33.872
9407;160.0;1.995;33.874
9407;170.0;1.935;33.877
9407;180.0;1.875;33.879
9407;190.0;1.815;33.883
9407;200.0;1.825;33.886
9407;210.0;1.844;33.901
9407;220.0;1.861;33.915
9407;230.0;1.88;33.932
9407;240.0;1.898;33.952
9407;250.0;1.916;33.971
9407;260.0;1.934;33.989
9407;270.0;1.953;34.007
9407;280.0;1.971;34.022
9407;290.0;1.989;34.036
9407;300.0;2.007;34.049
9407;310.0;2.026;34.063
9407;320.0;2.045;34.076
9407;330.0;2.062;34.088
9407;340.0;2.081;34.102
9407;350.0;2.099;34.129
9407;360.0;2.118;34.167
9407;370.0;2.129;34.191
9407;380.0;2.135;34.205
9407;390.0;2.142;34.218
9407;400.0;2.149;34.231
9407;410.0;2.156;34.246
9407;420.0;2.163;34.259
9407;430.0;2.17;34.272
9407;440.0;2.177;34.287
9407;450.0;2.184;34.3
9407;460.0;2.191;34.314
9407;470.0;2.198;34.327
9407;480.0;2.205;34.341
9407;490.0;2.212;34.355
9407;500.0;2.219;34.379
9408;0.0;1.871;33.899
9408;10.0;1.871;33.912
9408;20.0;1.871;33.913
9408;30.0;1.871;33.92
9408;40.0;1.871;33.922
9408;50.0;1.871;33.919
9408;60.0;1.871;33.917
9408;70.0;1.87;33.913
9408;80.0;1.867;33.912
9408;90.0;1.863;33.912
9408;100.0;1.866;33.911
9408;110.0;1.853;33.908
9408;120.0;1.84;33.904
9408;130.0;1.823;33.901
9408;140.0;1.809;33.899
9408;150.0;1.801;33.9
9408;160.0;1.792;33.902
9408;170.0;1.783;33.905
9408;180.0;1.775;33.907
9408;190.0;1.767;33.915
9408;200.0;1.78;33.923
9408;210.0;1.796;33.935
9408;220.0;1.812;33.947
9408;230.0;1.828;33.969
9408;240.0;1.843;34.013
9408;250.0;1.859;34.057
9408;260.0;1.875;34.099
9408;270.0;1.89;34.143
9408;280.0;1.906;34.166
9408;290.0;1.922;34.181
9408;300.0;1.938;34.196
9408;310.0;1.954;34.211
9408;320.0;1.97;34.225
9408;330.0;1.985;34.235
9408;340.0;2.001;34.244
9408;350.0;2.017;34.259
9408;360.0;2.032;34.277
9408;370.0;2.046;34.291
9408;380.0;2.059;34.301
9408;390.0;2.07;34.311
9408;400.0;2.083;34.321
9408;410.0;2.095;34.332
9408;420.0;2.108;34.342
9408;430.0;2.12;34.352
9408;440.0;2.132;34.363
9408;450.0;2.145;34.373
9408;460.0;2.157;34.383
9408;470.0;2.169;34.394
9408;480.0;2.182;34.404
9408;490.0;2.194;34.414
9408;500.0;2.206;34.428
9409;0.0;1.652;33.916
9409;10.0;1.652;33.92
9409;20.0;1.652;33.923
9409;30.0;1.652;33.93
9409;40.0;1.652;33.932
9409;50.0;1.652;33.933
9409;60.0;1.652;33.931
9409;70.0;1.651;33.93
9409;80.0;1.648;33.929
9409;90.0;1.641;33.927
9409;100.0;1.637;33.924
9409;110.0;1.64;33.921
9409;120.0;1.643;33.917
9409;130.0;1.645;33.914
9409;140.0;1.65;33.912
9409;150.0;1.665;33.913
9409;160.0;1.682;33.916
9409;170.0;1.698;33.918
9409;180.0;1.716;33.921
9409;190.0;1.733;33.928
9409;200.0;1.75;33.934
9409;210.0;1.767;33.941
9409;220.0;1.785;33.948
9409;230.0;1.802;33.963
9409;240.0;1.818;34.003
9409;250.0;1.835;34.047
9409;260.0;1.851;34.091
9409;270.0;1.867;34.135
9409;280.0;1.883;34.162
9409;290.0;1.899;34.181
9409;300.0;1.912;34.206
9409;310.0;1.926;34.231
9409;320.0;1.94;34.254
9409;330.0;1.953;34.274
9409;340.0;1.967;34.294
9409;350.0;1.981;34.309
9409;360.0;1.995;34.32
9409;370.0;2.009;34.33
9409;380.0;2.023;34.341
9409;390.0;2.036;34.351
9409;400.0;2.05;34.362
9409;410.0;2.064;34.372
9409;420.0;2.078;34.381
9409;430.0;2.091;34.389
9409;440.0;2.105;34.398
9409;450.0;2.119;34.407
9409;460.0;2.132;34.416
9409;470.0;2.146;34.425
9409;480.0;2.16;34.434
9409;490.0;2.173;34.443
9409;500.0;2.187;34.452
9410;0.0;1.641;33.926
9410;10.0;1.641;33.908
9410;20.0;1.641;33.91
9410;30.0;1.641;33.911
9410;40.0;1.641;33.919
9410;50.0;1.641;33.924
9410;60.0;1.641;33.923
9410;70.0;1.641;33.922
9410;80.0;1.641;33.922
9410;90.0;1.629;33.921
9410;100.0;1.612;33.921
9410;110.0;1.612;33.919
9410;120.0;1.612;33.917
9410;130.0;1.612;33.915
9410;140.0;1.612;33.913
9410;150.0;1.627;33.914
9410;160.0;1.648;33.917
9410;170.0;1.669;33.92
9410;180.0;1.691;33.923
9410;190.0;1.711;33.926
9410;200.0;1.733;33.925
9410;210.0;1.755;33.923
9410;220.0;1.777;33.923
9410;230.0;1.799;33.922
9410;240.0;1.819;33.935
9410;250.0;1.838;33.962
9410;260.0;1.857;33.988
9410;270.0;1.875;34.014
9410;280.0;1.894;34.039
9410;290.0;1.911;34.067
9410;300.0;1.923;34.107
9410;310.0;1.935;34.148
9410;320.0;1.948;34.187
9410;330.0;1.96;34.227
9410;340.0;1.972;34.267
9410;350.0;1.984;34.294
9410;360.0;1.996;34.308
9410;370.0;2.008;34.321
9410;380.0;2.02;34.334
9410;390.0;2.032;34.348
9410;400.0;2.044;34.361
9410;410.0;2.056;34.374
9410;420.0;2.069;34.383
9410;430.0;2.08;34.392
9410;440.0;2.092;34.401
9410;450.0;2.104;34.41
9410;460.0;2.116;34.419
9410;470.0;2.128;34.428
9410;480.0;2.14;34.438
9410;490.0;2.152;34.447
9410;500.0;2.165;34.456
9411;0.0;1.992;33.896
9411;10.0;1.975;33.901
9411;20.0;1.958;33.892
9411;30.0;1.933;33.892
9411;40.0;1.903;33.899
9411;50.0;1.853;33.902
9411;60.0;1.774;33.901
9411;70.0;1.695;33.901
9411;80.0;1.687;33.903
9411;90.0;1.678;33.904
9411;100.0;1.67;33.903
9411;110.0;1.661;33.904
9411;120.0;1.653;33.903
9411;130.0;1.645;33.903
9411;140.0;1.637;33.902
9411;150.0;1.641;33.907
9411;160.0;1.651;33.914
9411;170.0;1.661;33.921
9411;180.0;1.675;33.935
9411;190.0;1.695;33.971
9411;200.0;1.713;34.013
9411;210.0;1.731;34.058
9411;220.0;1.751;34.091
9411;230.0;1.769;34.12
9411;240.0;1.787;34.15
9411;250.0;1.806;34.178
9411;260.0;1.824;34.191
9411;270.0;1.842;34.198
9411;280.0;1.861;34.207
9411;290.0;1.88;34.215
9411;300.0;1.898;34.22
9411;310.0;1.917;34.223
9411;320.0;1.935;34.226
9411;330.0;1.947;34.237
9411;340.0;1.965;34.261
9411;350.0;1.983;34.269
9411;360.0;2.0;34.277
9411;370.0;2.018;34.286
9411;380.0;2.036;34.294
9411;390.0;2.054;34.303
9411;400.0;2.071;34.312
9411;410.0;2.09;34.322
9411;420.0;2.107;34.333
9411;430.0;2.125;34.344
9411;440.0;2.143;34.355
9411;450.0;2.161;34.366
9411;460.0;2.179;34.377
9411;470.0;2.196;34.388
9411;480.0;2.203;34.398
9411;490.0;2.209;34.407
9411;500.0;2.214;34.417
9412;0.0;2.361;33.891
9412;10.0;2.356;33.89
9412;20.0;2.351;33.891
9412;30.0;2.315;33.896
9412;40.0;2.258;33.9
9412;50.0;2.201;33.9
9412;60.0;2.144;33.898
9412;70.0;2.087;33.897
9412;80.0;2.029;33.899
9412;90.0;1.972;33.901
9412;100.0;1.915;33.902
9412;110.0;1.858;33.903
9412;120.0;1.801;33.904
9412;130.0;1.744;33.905
9412;140.0;1.687;33.906
9412;150.0;1.68;33.908
9412;160.0;1.693;33.911
9412;170.0;1.707;33.914
9412;180.0;1.72;33.917
9412;190.0;1.734;33.92
9412;200.0;1.748;33.946
9412;210.0;1.761;33.983
9412;220.0;1.775;34.019
9412;230.0;1.789;34.055
9412;240.0;1.802;34.092
9412;250.0;1.815;34.122
9412;260.0;1.828;34.146
9412;270.0;1.841;34.171
9412;280.0;1.854;34.195
9412;290.0;1.867;34.219
9412;300.0;1.88;34.234
9412;310.0;1.893;34.24
9412;320.0;1.906;34.246
9412;330.0;1.919;34.253
9412;340.0;1.932;34.259
9412;350.0;1.945;34.266
9412;360.0;1.958;34.274
9412;370.0;1.97;34.283
9412;380.0;1.983;34.292
9412;390.0;1.996;34.304
9412;400.0;2.009;34.315
9412;410.0;2.022;34.327
9412;420.0;2.035;34.338
9412;430.0;2.048;34.35
9412;440.0;2.061;34.361
9412;450.0;2.074;34.372
9412;460.0;2.087;34.384
9412;470.0;2.1;34.395
9412;480.0;2.112;34.404
9412;490.0;2.125;34.411
9412;500.0;2.138;34.418
